<application>
  <component name="com.intellij.ide.ui.customization.CustomActionsSchema">
    <group value="Compare.SameVersion" is_action="true" action_type="1" position="1">
      <path value="root" />
      <path value="Main Toolbar" />
      <path value="Right" />
      <option name="myInitialPosition" value="-1" />
    </group>
    <group value="Compare.SameVersion" is_action="true" action_type="1" position="1">
      <path value="root" />
      <path value="Navigation Bar Toolbar" />
      <path value="NavBarVcsGroup" />
      <path value="VcsNavBarToolbarActions" />
      <option name="myInitialPosition" value="-1" />
    </group>
  </component>
</application>