<application>
  <component name="ProjectManager">
    <defaultProject>
      <component name="CheckStyle-IDEA" serialisationVersion="2">
        <checkstyleVersion>10.12.2</checkstyleVersion>
        <scanScope>JavaOnly</scanScope>
        <option name="thirdPartyClasspath" />
        <option name="activeLocationIds" />
        <option name="locations">
          <list>
            <ConfigurationLocation id="bundled-sun-checks" type="BUNDLED" scope="All" description="Sun Checks">(bundled)</ConfigurationLocation>
            <ConfigurationLocation id="bundled-google-checks" type="BUNDLED" scope="All" description="Google Checks">(bundled)</ConfigurationLocation>
          </list>
        </option>
      </component>
      <component name="InspectionProjectProfileManager">
        <profile version="1.0">
          <option name="myName" value="Project Default" />
        </profile>
        <version value="1.0" />
      </component>
      <component name="ProjectViewState">
        <option name="autoscrollFromSource" value="true" />
        <option name="hideEmptyMiddlePackages" value="true" />
        <option name="showLibraryContents" value="true" />
      </component>
      <component name="PropertiesComponent"><![CDATA[{
  "keyToString": {
    "settings.editor.selected.configurable": "configurable.group.appearance"
  }
}]]></component>
      <component name="WindowStateProjectService">
        <state x="469" y="-1078" key="SettingsEditor" timestamp="1692782088867">
          <screen x="-320" y="-1440" width="2560" height="1440" />
        </state>
        <state x="469" y="-1078" key="SettingsEditor/0.38.1728.1079/-320.-1440.2560.1440" timestamp="1692782088867" />
      </component>
    </defaultProject>
  </component>
</application>