<application>
  <component name="UpdatesConfigurable">
    <ignoredBuildNumbers>
      <item value="222.4345.14" />
    </ignoredBuildNumbers>
    <option name="LAST_BUILD_CHECKED" value="IU-232.8660.185" />
    <option name="LAST_TIME_CHECKED" value="1695644801812" />
    <option name="OBSOLETE_CUSTOM_REPOSITORIES_CLEAN_NEEDED" value="false" />
    <pluginHosts>
      <item value="https://idea-plugins.corp.kuaishou.com/updatePlugins.xml" />
    </pluginHosts>
    <option name="THIRD_PARTY_PLUGINS_ALLOWED" value="true" />
    <option name="WHATS_NEW_SHOWN_FOR" value="232" />
  </component>
</application>