<keymap version="1" name="macOS copy" parent="Mac OS X 10.5+">
  <action id="Annotate">
    <keyboard-shortcut first-keystroke="shift meta f3" />
  </action>
  <action id="ResourceExplorer.show" />
  <action id="ServiceView.ShowServices" />
  <action id="StringManipulation.SwitchStyleAction">
    <keyboard-shortcut first-keystroke="shift meta alt s" />
  </action>
  <action id="Tool.GotoRequestService">
    <keyboard-shortcut first-keystroke="meta back_slash" />
  </action>
  <action id="android.deploy.ApplyChanges">
    <keyboard-shortcut first-keystroke="ctrl meta r" />
  </action>
  <action id="android.deploy.CodeSwap">
    <keyboard-shortcut first-keystroke="shift ctrl meta r" />
  </action>
</keymap>